keys,en,hi
hud.sell_all,Sell All,सब बेचें
hud.field_worker,🌾 Field Worker,🌾 खेत मजदूर
hud.shop,Shop,दुकान
a11y.title,♿ Accessibility,♿ सुगम्यता
a11y.text_size,Text Size: %d%%,टेक्स्ट आकार: %d%%
a11y.cycle_text_size,Cycle Text Size,टेक्स्ट आकार बदलें
a11y.text_size_hint,Takes effect next time you open the app.,अगली बार ऐप खोलने पर लागू होगा।
a11y.colorblind_title,Colorblind-Safe Palette,रंग-अंधता-सुरक्षित पैलेट
a11y.colorblind_description,"Switches Growing/Ready-to-Harvest plot colors to a blue/orange pair, and applies immediately.","उगते/कटाई के लिए तैयार खेत के रंगों को नीले/नारंगी जोड़े में बदलता है, और तुरंत लागू होता है।"
a11y.turn_on,Turn On,चालू करें
a11y.turn_off,Turn Off,बंद करें
a11y.audio_title,🔊 Audio,🔊 ऑडियो
a11y.mute_all,Mute All Audio,सभी ऑडियो म्यूट करें
a11y.unmute,Unmute Audio,ऑडियो अनम्यूट करें
a11y.master_volume,Master Volume,मुख्य वॉल्यूम
a11y.ambience_volume,Ambience Volume,परिवेश वॉल्यूम
a11y.sfx_volume,Sound Effects Volume,साउंड इफेक्ट वॉल्यूम
a11y.ui_volume,UI Sounds Volume,यूआई ध्वनि वॉल्यूम
a11y.language_title,Language,भाषा
a11y.language_english,English,English
a11y.language_hindi,Hindi,हिन्दी
farmhouse.level_of,Farmhouse Level %d of %d,फार्महाउस स्तर %d / %d
farmhouse.current_bonuses,Current Bonuses,वर्तमान लाभ
farmhouse.next_label,Next:,अगला:
farmhouse.storage_capacity,📦 Storage capacity: %d units,📦 भंडारण क्षमता: %d इकाइयाँ
farmhouse.growth_speed,⚡ Growth speed: +%d%% faster,⚡ विकास गति: +%d%% तेज़
farmhouse.sell_price,💰 Sell price: +%d%%,💰 बिक्री मूल्य: +%d%%
farmhouse.storage_label,Storage: %d / %d,भंडारण: %d / %d
farmhouse.upgrade_button,Upgrade for ₹%d,₹%d में अपग्रेड करें
farmhouse.max_level_message,🎉 Your farmhouse has reached its finest form.,🎉 आपका फार्महाउस अपने सर्वश्रेष्ठ रूप में पहुंच गया है।
mandi.register_title,Register at the Local Mandi,स्थानीय मंडी में पंजीकरण करें
"mandi.register_blurb","Trade crops through an e-NAM-style electronic auction instead of a flat roadside price. Prices move with demand and your own recent selling, within safe bands -- a genuine alternative to Sell All, not a replacement for it.","ई-नाम शैली की इलेक्ट्रॉनिक नीलामी से फसलें बेचें, न कि तय सड़क किनारे मूल्य पर। कीमतें मांग और आपकी हाल की बिक्री के अनुसार, सुरक्षित सीमा में बदलती हैं -- यह 'सब बेचें' का असली विकल्प है, उसकी जगह नहीं।"
mandi.register_button,Register for ₹%d,₹%d में पंजीकरण करें
mandi.intro_title,🏛️ Local Mandi · e-NAM,🏛️ स्थानीय मंडी · ई-नाम
"mandi.intro_blurb","Prices swing with server-wide demand and your own recent sales -- flood the market and the price dips until it recovers. Produce from protected cultivation earns an automatic A-Grade bonus.","कीमतें सर्वर-व्यापी मांग और आपकी हाल की बिक्री के साथ बदलती हैं -- बाज़ार में बाढ़ लाएँ तो कीमत तब तक गिरी रहती है जब तक ठीक न हो जाए। संरक्षित खेती से मिली उपज को स्वतः A-ग्रेड बोनस मिलता है।"
"mandi.terminal_offer",📡 Digital Auction Terminal ₹%d -- unlocks tomorrow's forecast,📡 डिजिटल नीलामी टर्मिनल ₹%d -- कल का पूर्वानुमान अनलॉक करता है
mandi.a_grade,A-Grade,A-ग्रेड
mandi.held,Held: %d,पास में: %d
mandi.tomorrow_forecast,Tomorrow: %s %s%d%%,कल: %s %s%d%%
mandi.sell_button,Sell %d via Mandi,मंडी से %d बेचें
mandi.nothing_to_sell,Nothing to sell,बेचने के लिए कुछ नहीं
polyhouse.build_title,Build a Naturally Ventilated Polyhouse,प्राकृतिक हवादार पॉलीहाउस बनाएं
polyhouse.build_blurb,Unlocks %d protected plots for Colored Capsicum and Dutch Rose.,रंगीन शिमला मिर्च और डच गुलाब के लिए %d संरक्षित प्लॉट अनलॉक करता है।
polyhouse.build_button,Build for ₹%d,₹%d में बनाएं
polyhouse.subsidy_unlocked,🎉 Subsidy unlocked!,🎉 सब्सिडी अनलॉक हुई!
polyhouse.subsidy_quest,Subsidy Quest,सब्सिडी मिशन
polyhouse.fan_pad_active,Fan & Pad ✓,फैन एंड पैड ✓
polyhouse.fan_pad,Fan & Pad,फैन एंड पैड
polyhouse.drip_active,Drip ✓,ड्रिप ✓
polyhouse.drip,Drip Irrigation,ड्रिप सिंचाई
polyhouse.film_active,Film Active ✓,फिल्म सक्रिय ✓
polyhouse.renew_film,Renew Film,फिल्म नवीनीकृत करें
agroforestry.build_title,Clear Land for Agroforestry,कृषि-वानिकी के लिए भूमि साफ़ करें
"agroforestry.build_blurb","Unlocks a %dx%d plot grid for Sandalwood (Srigandham) cultivation. Sandalwood is semi-parasitic -- it must be planted next to a host plant (Pigeon Pea, Neem, or Acacia) and takes weeks to mature, but a single mature tree is worth a fortune.","श्रीगंधम (चंदन) की खेती के लिए %dx%d प्लॉट ग्रिड अनलॉक करता है। चंदन अर्ध-परजीवी है -- इसे मेज़बान पौधे (अरहर, नीम, या बबूल) के पास लगाना ज़रूरी है और परिपक्व होने में हफ्तों लगते हैं, लेकिन एक परिपक्व पेड़ की कीमत बहुत ज़्यादा होती है।"
agroforestry.build_button,Clear Land for ₹%d,₹%d में भूमि साफ़ करें
agroforestry.security_active,Security (Fencing + CCTV) ✓,सुरक्षा (बाड़ + सीसीटीवी) ✓
agroforestry.security_button,Security ₹%d,सुरक्षा ₹%d
agroforestry.hint,"Plant a host next to an empty tile, then Sandalwood beside the host.","एक खाली टाइल के पास मेज़बान पौधा लगाएं, फिर मेज़बान के बगल में चंदन लगाएं।"
niche.aquaculture_header,🪷 Makhana Ponds,🪷 मखाना तालाब
niche.aquaculture_title,Excavate Ponds,तालाब खोदें
"niche.aquaculture_blurb","Unlocks %d pond plots for Makhana (Fox Nut) and Pond Fish -- a cheaper, faster-cycling alternative to Polyhouse crops.","मखाना (फॉक्स नट) और तालाब मछली के लिए %d तालाब प्लॉट अनलॉक करता है -- पॉलीहाउस फसलों का एक सस्ता, तेज़ी से चलने वाला विकल्प।"
niche.aquaculture_button,Excavate for ₹%d,₹%d में खोदें
niche.vertical_farm_header,🌸 Saffron Vertical Farm,🌸 केसर वर्टिकल फार्म
niche.vertical_farm_title,Build a Vertical Farm,वर्टिकल फार्म बनाएं
"niche.vertical_farm_blurb","Only %d tiles, but Saffron sells for more per unit than anything except Sandalwood. Running the grow lights needs a recurring electricity payment to keep planting new cycles.","केवल %d टाइलें, लेकिन केसर चंदन को छोड़कर किसी भी चीज़ से ज़्यादा दाम में बिकता है। ग्रो लाइट चलाने के लिए नई साइकिल लगाते रहने हेतु बार-बार बिजली भुगतान की ज़रूरत होती है।"
niche.vertical_farm_button,Build for ₹%d,₹%d में बनाएं
niche.electricity_powered,⚡ Powered: %s left,⚡ संचालित: %s बचा है
niche.electricity_pay,⚡ Pay Electricity ₹%d,⚡ बिजली भुगतान करें ₹%d
